beta11,beta12,beta21,beta22,alpha1,alpha2
2.2676678483841694e-06,0.030052445707880026,0.06277100990754746,3.9086846900669044e-05,0.00576367854883056,0.01007250905299618
1.827367626716037e-05,0.030032119700593246,0.06276856520276371,4.990226933795748e-07,0.00638264296689193,0.01117047339391005
1.343019800817564e-06,0.030057646585955288,0.06276739346718645,4.5343992946524404e-05,0.0057102816910939,0.010082046790406569
1.2436923268444452e-06,0.03005918680641158,0.06276996903601623,6.201103391733154e-05,0.00569592983868635,0.009809583761762376
2.155471806891201e-05,0.030047738598525924,0.06280486558776217,1.67586562174285e-05,0.005690202951372628,0.010147215884073848
4.856861966340763e-07,0.03004746437937846,0.0627566691745009,4.859058522205731e-06,0.0059316991300864584,0.011320749717229033
5.4994545080173904e-05,0.030013487276462816,0.0628282307218662,1.644584405727369e-06,0.007173968369360859,0.01057877862790613
3.747893193068075e-07,0.03004695483466212,0.06275476131994676,3.587461914642774e-06,0.005957797985855706,0.011478630958381073
0.0008051706633339496,0.02981663940911059,0.0628807570393965,2.5029376910544344e-08,0.01680575943884176,0.010565044219714888
1.4848523805322554e-06,0.03004864453059841,0.06276672072561221,1.4205863465876621e-05,0.005860561944610638,0.010681344577714602
8.942821372067523e-10,0.030057673254247012,0.01386956272233974,0.057873144375909916,0.005784500533676687,5.323064234498668
2.730200666707028e-06,0.03006372955416439,0.06277740170152137,0.00010834884378089028,0.005615252899206013,0.0091865972504155
0.00014241974376818408,0.03006050296182189,0.06280163563741403,3.694462090964233e-05,0.0045567311526051426,0.009746171693382459
0.0001512669999905837,0.03006081213313075,0.06284513565851445,1.9892979054615875e-05,0.004487059818248322,0.009863111396062349
3.7625907815041823e-07,0.030046447323392834,0.06275365219359072,1.3132313706792515e-06,0.005978184324532371,0.011643339992314823
2.2573837016089447e-09,0.029725014488941888,0.06275445425473845,2.0625671848575347e-09,0.03370461415243495,0.011677715180641403
7.233627363513873e-07,0.030047337922573504,0.06275851135120744,6.384266382360484e-06,0.005924341085988305,0.011186562843950715
2.4448402024502554e-06,0.030048398664784398,0.06277646339370253,1.709057084254384e-05,0.005851664896321346,0.010425308234755206
1.5679024046119167e-07,0.030047212998516,0.06275378497266956,2.595660996397373e-06,0.0059626087632419795,0.01158309802704299
1.309513234590147e-08,0.03004787669284018,0.06275333452174257,2.2925353303173122e-06,0.00594694126675727,0.011630476109021662
4.35172800131428e-05,0.030015336340307577,0.06279658667413417,7.28668827999317e-07,0.007120121597074865,0.010842695602188002
4.319175652087213e-07,0.030072343325134695,0.062771198736278,8.521921586046741e-05,0.005690369876782396,0.009601541820807325
1.6898097419572755e-06,0.03004619360951427,0.06276566489560122,3.41760208975262e-06,0.005943794029868989,0.011085272054471436
4.2538594910452035e-05,0.030015466008600625,0.06278381856845958,6.028507635292427e-07,0.007119027419965498,0.010967338116357903
3.3942544138571125e-10,0.02972499945464053,0.06275183306625962,1.635835362951894e-09,0.03370632225881919,0.011878164135010694
5.25616941110468e-10,0.030047731642207563,0.06275185371894779,8.709298662010344e-07,0.005953688794703152,0.01183272051497603
3.6546387906104915e-08,0.03005780338463208,0.06276270064073462,3.0167181837808223e-05,0.005780313359006099,0.010494504681872859
3.28787130186323e-10,0.030047759576908823,0.06275182429596926,8.212310994906991e-07,0.005952639209198137,0.011838019919362466
4.527876505952952e-06,0.030060006787149665,0.0627847668265757,8.105594989136511e-05,0.0056172083130586,0.009257261270454798
2.722432624191063e-09,0.02972498407856695,0.06276071163076112,2.2660166197819455e-09,0.03370786643119883,0.011403976933658605
1.0134509412801198e-09,0.030047902799926397,0.062751847859106,1.210845088076039e-06,0.005947184418083164,0.011821049297371542
8.606763101527402e-07,0.03004764953921668,0.06276119862882329,7.130917391831798e-06,0.005908752952234061,0.011061748030564327
2.6328789972547407e-06,0.03006368639550672,0.06277722990724083,0.00010866889370447168,0.005618605232736486,0.009189849301808106
2.0617876102045377e-07,0.030060907401489315,0.06276882132589681,6.25567417453284e-05,0.005747441662891869,0.009851225345753636
9.139466161383985e-08,0.02985927779038189,0.06275558875898284,5.982412468279448e-09,0.020596283206427125,0.011620053366038862
0.00032767518394596207,0.030053534306083884,0.06301255181072077,5.262299055490272e-06,0.004364245860924498,0.01001732801735841
4.736507667517137e-07,0.030045890860259102,0.06275648729884084,1.6201853507710473e-06,0.005999891798437245,0.011478449430835517
5.227411695807635e-07,0.03004387013186576,0.06275418150061898,1.4746122620829398e-07,0.006130864329913767,0.011680475293183721
2.7001346854072577e-07,0.030047198793787214,0.06275440039085631,3.322712339452041e-06,0.0059551714046400354,0.011511006226149156
1.4440254548719184e-06,0.030049011552324926,0.06276615884714679,1.6073354238865366e-05,0.005851445905007543,0.01064452163765871
1.3081651778829834e-06,0.030047406023731557,0.06276273626040238,6.447810631506433e-06,0.0059042195950522606,0.011037317698315962
2.1975505954109312e-08,0.030047701849201712,0.06275322529320168,1.4925200445635708e-06,0.005952931446120235,0.011668976454982029
6.153154556034449e-06,0.030043979105365264,0.0627735478198506,5.348544767360593e-06,0.0059537370104450595,0.010864446436759346
8.809274071151423e-06,0.029588991858741726,0.06275260685986706,4.678518004955898e-10,0.05687254211542355,0.011800012915701284
1.4130354803764056e-07,0.030046334127638703,0.06275185545302189,4.867135274030895e-07,0.006007267066189511,0.011849018027959944
1.4259083571195646e-09,0.030044917404104515,0.06275182909455641,4.870194119015307e-08,0.00609682049564134,0.011874562399395806
2.133049505390611e-05,0.02992129182785395,0.06277478951454847,4.972567976252761e-07,0.014903333929363317,0.011075275668683887
4.037783374693285e-06,0.029884415139290712,0.06275978580610174,1.1843507106211913e-07,0.01815989827240207,0.01142856062698288
5.965691554272635e-07,0.030046063362105892,0.06275679533078055,2.816558693961087e-06,0.005985952545921612,0.011401788060600262
3.152691341397183e-05,0.030029789858092355,0.06280455168925195,3.940073941041664e-06,0.006332759179654495,0.010592095338363014
8.61859888678258e-09,0.03004810326303123,0.06275259634797307,1.6895892098447487e-06,0.005939631464020825,0.011720382474638004
1.4080108941294203e-07,0.030048965812511978,0.06275568454673795,5.9256051317827336e-06,0.00590511669461,0.011347536833962484
6.488533348856957e-06,0.03006046762821489,0.06279026118152312,7.613602594582995e-05,0.005582664293145967,0.009235456580279786
0.0001510280057818865,0.030060491456052343,0.06286369012933633,8.233833846846603e-06,0.004498954648828952,0.010141254913174786
0.0008050215942721062,0.029816609228048258,0.06282979094739577,3.2621231356235887e-07,0.016808995595725285,0.01067951192946775
9.545794149333128e-07,0.030050358466777834,0.06276256358189308,2.185633824527042e-05,0.005838305560984254,0.010619773458736046
1.6626821092672505e-06,0.03004631027685523,0.06276535440651886,4.610921990141695e-06,0.005939206572194531,0.011039061512595713
1.8820386738634013e-05,0.03003250520353962,0.0627742553995625,1.1115984591012618e-06,0.0063479006543599335,0.011040480208949249
1.5422815342633514e-06,0.03004932439482011,0.06277028831103973,1.8174819015003098e-05,0.005841308377985501,0.010496782391788839
1.9792699273364476e-08,0.03004498885409808,0.06275271964411132,1.0931314589366169e-07,0.006090512786586766,0.01178008971495012
6.199545953687001e-06,0.030046114070753395,0.06279471768431334,1.5153907565508123e-05,0.005878236560847047,0.01028691599877257
4.369138078922031e-06,0.029896194877551064,0.06275331331281064,4.045541575149423e-08,0.017208223748794247,0.01173951808564755
3.8060739214348735e-06,0.030071936818276666,0.06279623796052176,0.00018401962127385924,0.005549954967507843,0.008369113239466467
6.833765119873728e-06,0.029981599664450034,0.06275307625031908,8.049269792315008e-08,0.010309110963220363,0.01175172672515772
0.0004576002754295156,0.029815854381916595,0.0627969479398658,6.525851665932291e-07,0.01976800591966296,0.010845620226715471
3.0158198364476005e-06,0.030052313409809822,0.06277415818248805,3.7784509414491746e-05,0.00575000967875473,0.010032780241686069
6.800145544282622e-07,0.030046925697593242,0.06275796511671264,4.597773280295194e-06,0.00594107700824694,0.011273203404599242
1.403521360586245e-06,0.030049363141986373,0.06276609180620221,2.041099000267084e-05,0.005843969161106382,0.010540501884088848
5.269068751825525e-06,0.030045675654741262,0.06278600113843442,8.353461275542387e-06,0.005901199139339103,0.010587788680653486
0.0007125396009453821,0.028335911164529128,0.06276168616087148,9.299693990480388e-10,0.21214859532420385,0.011370579919163404
4.226314045672742e-07,0.030045885268852608,0.0627555679238827,1.0627202849506402e-06,0.006002602465624829,0.011554362426073444
2.55084044725356e-06,0.03005194060891595,0.06277133887961846,3.7326319309422946e-05,0.005765333775397405,0.01009356197938206
3.0128995379450176e-06,0.03005635228006665,0.0627707435967193,4.3641236339091876e-05,0.005692455223633701,0.010013044010543815
3.4337685596066403e-07,0.030045748529115214,0.06275317138167172,5.003245632183383e-07,0.006015900235214338,0.011715713691360354
8.136225428392497e-06,0.030043068156812354,0.0627835836670298,5.780310783690042e-06,0.005961304957867835,0.01071058132258333
9.715699389530083e-10,0.03004495052975543,0.06275176433896652,6.06329504715299e-08,0.006094617078081921,0.011880553367122177
2.3831446549806178e-06,0.03004707770579868,0.06277089580128946,1.0920434064559309e-05,0.005894155448030978,0.010702440397102156
1.3816726847486016e-06,0.03005213046746362,0.0627663799532507,3.264002093607597e-05,0.005792193005018588,0.01029834093983125
3.736561254801627e-07,0.030046349527899877,0.06275326496114667,7.672412339099541e-07,0.005982923403718494,0.011694755765576784
4.374092236455116e-05,0.030015302083874266,0.06279705603045446,7.280448932408725e-07,0.0071208824305556565,0.010838686756780862
1.221512266279303e-07,0.0300613310208262,0.06276838872868393,6.0755157547675166e-05,0.005751603022463071,0.009893675960184891
4.225458943444264e-07,0.03004652786931096,0.06275489217189048,2.476185502647095e-06,0.005971867066268945,0.011520506118688809
2.4126019148136124e-07,0.030048677733715955,0.06275726578003328,6.89980726134241e-06,0.005906456600107633,0.011231152670659862
8.377612462095141e-07,0.03004987958199423,0.06276241505551941,1.9074206974702992e-05,0.005853325913464587,0.010684740317311908
1.785036638910859e-05,0.030031850250578935,0.06276633425790616,4.592381973484146e-07,0.006408070402776267,0.011215866150481257
7.825082382673742e-07,0.030046465030531093,0.06275841669128869,2.8980516517855416e-06,0.005958152519380124,0.011330877143345375
1.679320901507065e-05,0.02970032189620338,0.06275695954413368,1.0294440244978192e-09,0.03648072091784008,0.011555739001439736
5.143889663484944e-09,0.030055824549016393,0.06275608969892013,8.096030976327665e-06,0.005803037356996823,0.01128068965954517
8.499234482470899e-07,0.030060017298436274,0.0627675958094448,5.1847744873742046e-05,0.005708572416825324,0.010001927377960327
6.461576209980472e-07,0.030046957997120764,0.06275681626518742,4.39729204933395e-06,0.005941319178069298,0.011329791019991743
3.920293580334586e-05,0.03001530162367503,0.06277352622251976,6.800669769888117e-07,0.007180396510125619,0.011078728198278143
1.6612961491799427e-07,0.03004859074116304,0.06275593299703812,5.617245557077738e-06,0.005912984827890184,0.01133843195473517
2.2496559770132414e-05,0.030047964429476225,0.06280411434054865,1.831054177412162e-05,0.005676373818443697,0.010115148660456498
1.415173670874547e-07,0.030049240512488286,0.06275446415046178,3.909963251226068e-06,0.005898501069451641,0.011486692897021523
3.4249243144245155e-06,0.029876351157181975,0.06276086489495501,3.835869961157939e-08,0.018843636947781,0.01139430173611978
1.7483747658820368e-05,0.030011720071580397,0.06276430821704587,1.6764362104961304e-07,0.007762114981543602,0.011281476116634097
1.7654295912065167e-05,0.030013920478731065,0.06276960422282311,3.3834058903580876e-07,0.007611704988433826,0.011163334624969351
6.970209914075373e-08,0.02985360745671528,0.06276179670857181,1.726228948083703e-08,0.0211406704566776,0.011364352759715701
0.0002892842707981122,0.03006607418189495,0.06296901635951141,5.004291138202469e-05,0.0038690449434860704,0.008998923177059763
2.706376922253508e-06,0.03006197979743733,0.06277820870362716,0.00010071625427605083,0.005628520765063506,0.009222046305305959
2.529330993878723e-05,0.030047828974826125,0.06280962852027445,1.45536710161678e-05,0.005659114964289986,0.010171706054206166
2.151548625371293e-07,0.030053365606057862,0.06276057812807302,1.943799278129591e-05,0.005822346885598542,0.010773843765816379
1.7506021954310492e-05,0.03001169211838576,0.06276677148432905,1.404094755004386e-07,0.007763514752454587,0.011228331914820555
3.7240937341662565e-06,0.03009723445203011,0.06279797918754913,0.0002112963034375482,0.005494264480617973,0.008251340687106284
3.893792318992077e-07,0.03004572393428938,0.0627535243711979,6.154003072210457e-07,0.006014188222602133,0.011686744198142373
2.656712374070567e-06,0.030044958642440542,0.06276302299084899,9.449943074039109e-07,0.0059842614899641745,0.011269115560982465
8.381195812457856e-07,0.030058660634735113,0.062764923945865,3.557600177606173e-05,0.00572155742062414,0.010297860174489354
0.00019568766782684593,0.03006807871744664,0.06282590269770567,0.0002934174484175354,0.004209238913251378,0.007696415072421217
5.34126626572769e-07,0.03004382614108106,0.06275559556628911,2.6531531714400534e-07,0.0061332487478441555,0.011600483280555686
4.205225471313154e-06,0.03007271743409108,0.0627981050528787,0.0001938369651905571,0.00553932340358294,0.008289020680372733
1.5394508127064944e-06,0.03024708923606827,0.062827008479918,0.005287541059947407,0.005519657594269741,0.0033714496634072947
2.817300092047695e-10,0.030044930040454654,0.06275167693627601,4.893566884053846e-09,0.006096042497781084,0.011894095846502811
3.624535783973243e-07,0.030046483129038175,0.06275340134556379,9.45434528714178e-07,0.0059774356928341005,0.011675994324132785
8.60877481856677e-06,0.030042481568316463,0.06278272563513565,4.885177155806783e-06,0.005977234607690718,0.01075744243027974
0.004121795886006479,0.029965226603905045,0.06403946240763099,2.888020502704588e-05,0.003305024752677567,0.008785609620642043
0.0008045636092280695,0.029816778274306104,0.06282981368648043,1.2102275273171525e-06,0.016798724998660176,0.010601738067852707
1.504851523520759e-08,0.03005770634824978,0.06276202065480399,2.7418803216685537e-05,0.00578287646984246,0.010575481669731296
1.5551065158679552e-07,0.030056226272883273,0.06276329309308282,3.0967348215597e-05,0.005788686702285082,0.010444597294590754
8.428569758128532e-07,0.030051617030619867,0.06276279414760652,2.3643623241698332e-05,0.005819073669258986,0.010575405127961061
1.762868048616173e-07,0.030048676154267817,0.06275614267092264,5.767320256011678e-06,0.005909999502451816,0.011321998909542646
8.307499719937119e-07,0.030046426350105085,0.06276069493234124,2.7640447037747092e-06,0.005958151816626198,0.011252340799675312
1.0856965179600367e-06,0.030048904454816613,0.06276228406758601,1.7104538966922115e-05,0.005866089267473953,0.010739036051559788
3.325193749178755e-06,0.03006264967922488,0.06278174200857713,9.099864425158262e-05,0.0056080501587617605,0.009210440183688762
8.503860608907448e-06,0.03004245014184826,0.06277023476224339,2.1066465565841785e-06,0.005980133742834697,0.011053105385337316
1.2837369072953498e-06,0.030048796356758594,0.06276449404439839,1.4959791012151686e-05,0.005862139156474476,0.01072235926478472
3.420446626585699e-06,0.029876378335044144,0.06275468263628292,7.973153813357594e-09,0.01884147639096178,0.011665324677020283
6.386080352908036e-07,0.030042239386749426,0.06275292122410923,8.499088598579049e-08,0.0062389122033508874,0.011763502280938268
3.451527525992208e-06,0.030064303633804974,0.06278485615461026,0.00012204088116317616,0.0055940724217789575,0.00892431503832534
2.169825511440278e-06,0.030051756137463886,0.06276823109485272,3.275772804750821e-05,0.005777172153582746,0.010243980927335037
1.5574214394395077e-06,0.030067593019069756,0.06277804266099883,0.00012279518502808807,0.005647221945185521,0.009099972564656826
7.5165754499919395e-06,0.02998417347264221,0.06275984971306012,3.2697584542708846e-07,0.01009934513781288,0.011409323378003858
3.5633857048347013e-07,0.030045721502376898,0.06275320514181315,4.549393873769426e-07,0.006016594978177878,0.011715983793828546
3.163068243208943e-05,0.030032002419877874,0.06280236413686416,4.723718265611214e-06,0.006230719622492862,0.010571490744212202
4.1727737917325467e-07,0.030045642332365577,0.06275496278302821,4.5678405801800596e-07,0.006017701963242683,0.011619953837343582
0.0008050854785284526,0.029816617038658764,0.06283157756080304,5.897977468079967e-07,0.01680787351598325,0.010646784923807358
6.848503126209131e-06,0.02998159150540304,0.0627585606162446,1.731444184914267e-07,0.010308948733422944,0.011472602940608556
3.0494020765376096e-06,0.030047110367978098,0.06277339970403067,1.361055455984282e-05,0.005882810565895045,0.010576250859903174
3.0754256915639833e-06,0.030052033765105273,0.06278252713441769,3.743446699953811e-05,0.0057543413410517785,0.00991791948614983
3.4229164294859823e-06,0.029876344720963673,0.0627599712972671,1.7158585026753663e-08,0.018844277370102035,0.011430088954562564
5.468903088394004e-07,0.030043918005689254,0.0627566573793554,3.981457605169183e-07,0.006126406482786139,0.01153953368131424
2.2445910589433296e-07,0.030048652761988672,0.06275665503581355,6.268976956818358e-06,0.005908028303662998,0.011280082077146376
1.035384717730165e-05,0.030043799740418486,0.06279744504379824,8.765246088827928e-06,0.005913695391291158,0.010457251890686853
3.956776809831226e-07,0.030045890089626798,0.0627533541944588,7.187034619340657e-07,0.006004046969249753,0.011690757838805299
1.6145242990926737e-07,0.03004910680685999,0.06275630276457682,6.534401741302789e-06,0.0059002549514907705,0.011293618253929726
7.369007082752407e-07,0.030047145243581968,0.06275950613021128,5.935061216455021e-06,0.005930507143053463,0.011162002944925874
4.101817868818846e-08,0.030047512786840733,0.06275315623094985,1.1344581479657334e-06,0.0059590551235003154,0.011688728468696511
2.0844017723341295e-06,0.030048085060597283,0.06276998034968961,1.3829139705003062e-05,0.005866100126122958,0.01062183427839427
9.744110224053297e-07,0.030046145965980035,0.0627610341723707,1.7242689270392697e-06,0.005967316329766506,0.011291763826732904
4.027833389260498e-06,0.03004385959802915,0.06276254545313359,3.627145303793676e-07,0.006010423194973988,0.011316345567119964
3.4924893929023536e-06,0.029876457012064372,0.06277107905468182,7.723706223141792e-08,0.018833359308172235,0.011161060056758085
1.4808289698191313e-06,0.030046710218160005,0.06276536008547447,5.121760281457153e-06,0.005927548694674654,0.011018079716004303
4.377635379295868e-06,0.03006115853240437,0.06278348103508193,8.371148889696282e-05,0.005605550315141367,0.009247898879909115
0.0001512712921229949,0.030060849352069294,0.06283721303511673,2.4036850989877278e-05,0.004486233613515204,0.009814082405239002
4.365643686817923e-07,0.0300440564602681,0.06275314841365463,2.6896770971123976e-07,0.006124062409934622,0.011732250004663488
1.8543308454206718e-05,0.030032711643933018,0.0627744831427421,1.4720006216165158e-06,0.006340661776514195,0.011015922011272598
2.715624081273028e-08,0.030048034851834923,0.06275369823020001,2.9235986493206713e-06,0.005940242023441675,0.01157730194650661
2.2403851562030544e-10,0.029725048564024827,0.0627517073765193,1.4444391745839014e-09,0.033701341104296186,0.011891178831621892
0.0008051434145684199,0.029816636603994914,0.06287183445859292,2.5158631393653674e-08,0.016806042993398586,0.010584829539578861
1.09268221277242e-07,0.030077898616204756,0.06276891039562715,8.919618975030392e-05,0.0056963744653810225,0.009750981232326044
0.0001511237713696374,0.03006060081307434,0.06285109555225644,9.80842273321377e-06,0.004494010702075875,0.010122279221092286
1.5425559577149337e-07,0.030050482536326948,0.0627589399242224,1.527630663512014e-05,0.005873218909462955,0.010951252458472026
4.5095768837961765e-09,0.030044920521645077,0.06275271778529823,5.384788716003442e-08,0.0060962962894028664,0.011783745420183291
6.199655212398239e-07,0.030047270274670825,0.06275702056097737,5.023277548884285e-06,0.005931664127880821,0.011297690578468838
8.425782619751031e-08,0.030047806380901276,0.06275416243367798,3.3749385856467225e-06,0.005944448396295754,0.01152563248784063
1.989545531885364e-06,0.030045214020118092,0.06276271990050546,1.0322886117450264e-06,0.005989387658919491,0.011273194327041325
1.0733606755806082e-06,0.0300882530884117,0.06277915181576256,0.00013830243733416094,0.005613059769286304,0.009005402337093495
7.793260627977145e-06,0.030042829510564882,0.06276594602439244,1.2016621076594147e-06,0.0059756776445467055,0.011180119396511215
0.0002755268884727715,0.03005813635931667,0.06286972404682505,8.197615505867914e-06,0.004245306850717174,0.010125382175029144
4.069179853225268e-07,0.03004588719935392,0.0627534902579256,8.479541368901025e-07,0.006003435326557982,0.011674694652596474
1.1478721553914455e-08,0.030047763041804943,0.06275294797732556,1.3491123206466994e-06,0.005951415232475937,0.011698944098765787
7.961034685254151e-07,0.03082450930465006,0.05977292676408569,2.354411655937691,0.005532224553079815,-0.042460527673240066
4.413885910544008e-09,0.02986336377794521,0.06275309172589993,5.7509300803132004e-09,0.020220155278921674,0.011756996036846662
9.281262320956202e-07,0.030059179767835516,0.06276617400073513,4.2034253203261585e-05,0.005711157073036873,0.01016613578176126
1.993692930364364e-07,0.030049323089818118,0.06276012832901216,1.7415648694235828e-05,0.005893237244195111,0.010837771959451946
8.565386506159687e-06,0.030042431020316635,0.06277386453623017,1.9529712332658637e-06,0.005980014878761943,0.01100149890837349
5.871611508211708e-06,0.030063851441865422,0.06278717673689255,0.00012558357865741804,0.005563809645040035,0.008863863748212988
3.4200207626215604e-06,0.029876349991291278,0.06275620662116484,2.4013358399321606e-08,0.01884394731100945,0.01158829982528263
0.0008069857476728651,0.02981665963065889,0.06315965724040384,4.40165245191597e-06,0.016802020592598704,0.009892034033761168
1.1801464026850615e-06,0.030046241839861605,0.06276223785108627,2.3577618657037477e-06,0.005955794509210805,0.011222044830227759
1.4333107880428826e-06,0.030057872627582853,0.06276950882273605,4.9660059451234065e-05,0.005704518421178815,0.00996040254718742
5.038745267454446e-06,0.030045786163777895,0.06278544904919442,9.531171710740012e-06,0.005900351458932939,0.01055413596915496
1.68910754418202e-08,0.030045019865052036,0.06275183869181826,1.1543724326077803e-07,0.006088988078652923,0.011869528825528577
1.3669706324281751e-06,0.030047556583114917,0.06276758261533714,1.1427774844296546e-05,0.005897291350835424,0.010747604657004488
3.858252949789547e-08,0.030089637648254713,0.06276346533528285,0.00018361139735643397,0.005678181996213895,0.010081830531087395
1.1721814633221971e-06,0.030057282932413016,0.06276548622685393,3.722042640394294e-05,0.0057217602426527575,0.01025261574105889
2.1551272167426275e-05,0.030047573520083005,0.06280547705677798,1.6150138551012713e-05,0.0056945712304401095,0.010157559635284268
5.411789085362475e-07,0.03004754121477522,0.06275709488011244,5.322170995049182e-06,0.005926299090200096,0.011283838073893774
0.0003021395187577624,0.03006635295386289,0.06309114088200411,3.629024773691121e-05,0.0038337872047796684,0.00903792373697476
4.561107763504304e-09,0.030090049761921294,0.06076975130940929,0.0029145188432179166,0.005680991491717826,0.22572819874869796
6.217951024691434e-06,0.030060174869821862,0.06279081412946912,7.445276874883308e-05,0.005589882176453583,0.009248149174281592
0.0009807782924073057,0.030068465147828998,0.06865190402271887,0.00050684791044582,0.00305382922476633,0.000325363446890345
0.0013733583917525972,0.029837264269569272,0.06357744476430884,1.8996001580552474e-06,0.014832772077178551,0.009719952645365267
1.201524274541445e-06,0.03005007338883177,0.06276505131034846,2.356220317918371e-05,0.005835215485938841,0.010505015626565964
0.0003539423173889893,0.029792025586399783,0.06279195983715476,5.345175889426756e-08,0.02255640999768386,0.010936498786136515
1.54967652707094e-05,0.030086580435025278,0.0628071540030524,0.00022847566669360338,0.005353323065333989,0.0080726377013251
5.8106842225885464e-08,0.030051847025197816,0.06275834230259911,1.4111796316254543e-05,0.00585753911367505,0.011012423953391559
2.5035134113076856e-08,0.030056056145490215,0.0627625299901875,2.9268885740791616e-05,0.005798590490601398,0.01051628895714289
3.83190728814411e-07,0.030046195034808706,0.06275343349743438,9.399542871656868e-07,0.0059896529426878,0.011673903902901493
0.00015290271433746156,0.030061927937292867,0.0628520802086361,0.00014663627298810866,0.004467408750089259,0.008238158188067819
1.350130049056716e-06,0.03004627708517551,0.06276214338739429,3.0687479479985052e-06,0.005948980956270596,0.011191370762156847
1.3792320861676418e-06,0.030047450305513066,0.06276637436768201,8.08575895521537e-06,0.005900589462097519,0.010888787927983644
0.00020011494380925464,0.030050414832327867,0.06286421935794925,7.756136284187775e-06,0.004795842355725073,0.010160482903249689
2.1077809222739974e-06,0.030046769241691272,0.06276773392335781,6.359630046705617e-06,0.0059099976306138105,0.010919868894811613
2.905023420673983e-08,0.03005522758256044,0.0627565995968294,9.645456189588651e-06,0.00580922356902536,0.011215738222782365
3.4217910619353e-06,0.029876382175674444,0.06275674792450663,2.589446547201316e-08,0.018841084260347415,0.011562574685005248
7.032933200588176e-07,0.030047020387438412,0.06275817068660605,4.914100740148743e-06,0.005936351451728899,0.01125204869787705
1.419538096526169e-06,0.03005761987026191,0.06276951160986635,4.907953334593844e-05,0.005708346647140314,0.00996816170107494
0.00026927135618042626,0.030065686686413958,0.06289108830527944,5.8939588877494286e-05,0.003941529212137561,0.009055680609755897
3.3585536864778298e-06,0.030209943525104168,0.0628303472840791,0.0017719874596513422,0.005427285298420889,0.004494197535121428
2.6839497359044448e-06,0.030073651595967088,0.06277935960528161,0.00013426156151416188,0.005580910088821115,0.009007847260618138
3.3661612600778895e-06,0.0300636466206405,0.06278432244056273,0.00012021727754316088,0.005600063968311446,0.00894768868784278
2.7819035285150906e-06,0.029873933138792618,0.0627532002144982,1.3333263629062503e-08,0.019099740898171385,0.011748905890499992
9.150631619820098e-07,0.03005530484902327,0.06276464646827287,3.3777658782805595e-05,0.005759461936706302,0.0103359109718723
8.474063521769813e-07,0.030047475321851314,0.0627611835921853,6.016246686375409e-06,0.00591502070113106,0.011098735106446636
9.74103560248731e-06,0.030045954612768745,0.06280618184127519,1.3097854899582496e-05,0.005847622977922678,0.010239530196489696
0.000804812330151662,0.02981660496042267,0.06282342392102153,2.7795332048587906e-07,0.016810707099893064,0.010720324420843586
0.0003222931508586972,0.029799711444390982,0.06279058595974427,1.1285694887889842e-07,0.022215019725976597,0.01094326328870966
8.061807524679936e-07,0.03004643081332467,0.06275977446151942,3.0437626873634032e-06,0.0059588427325218876,0.011271716689901321
9.554924733331666e-07,0.03005009699726691,0.062762474174205,1.9445396558082854e-05,0.005843811196870382,0.010673980273783195
3.589242007408632e-05,0.030808833237391354,0.06287332493139502,0.050378711194704995,0.00475791657726489,-0.01475110851737571
7.296985592445377e-07,0.030046865070276717,0.06275988019918712,4.07579009618034e-06,0.005941673358199689,0.011220554427176562
7.716876612387782e-08,0.030048327699206446,0.06275402020040757,3.376284698427234e-06,0.005927020599659106,0.011536133429930604
4.07437949171203e-08,0.030700598894898182,0.061094087405552756,0.043274518861151225,0.005596631713485754,0.10511008414517063
3.2310666849986283e-06,0.03013423390500394,0.0628297498039552,0.0016621240684583883,0.005478954564226573,0.004598444237734845
2.1903883437151867e-10,0.030048123832384407,0.06027584426288701,0.0006975392848444162,0.0059399726911252455,0.33525000862208615
8.903951148161245e-09,0.03004794291397252,0.06275284311139565,1.7704087008372447e-06,0.005944903914878635,0.011693519836304407
3.425273818758178e-06,0.02987632756931199,0.062762214575465,1.4937772598617015e-08,0.018845764015150018,0.01135077714977097
6.772334614435324e-05,0.02979956658697467,0.06277054241873001,4.291872881453239e-08,0.024905546508763934,0.01117293421896775
1.145559665936113e-05,0.030052158388824662,0.06279870526029405,3.7434151162134575e-05,0.00566881646918401,0.00975746880825882
1.7523653496787945e-05,0.0300116869850213,0.06276879380137255,2.555590085685156e-07,0.007763533582507142,0.01118289254099576
2.447420586928815e-05,0.030031873126204926,0.06277769880897562,1.6651085813481844e-06,0.006306082326862266,0.010963290052945066
1.1290184121382597e-07,0.030050372215091877,0.06275844344473293,1.4184092795620079e-05,0.005878058427247055,0.011004276707358051
6.070365918066382e-06,0.03006033318454036,0.06278928695490657,7.63752415621949e-05,0.005590059309560896,0.009246307821936918
3.3973552290054544e-06,0.029876350593940015,0.06275273471611047,3.0835878490852456e-08,0.018845787184383126,0.01178385737724591
4.594508529221993e-07,0.030084948322745293,0.06277564146368206,0.00010653199429991404,0.005651599982637532,0.00926830110310094
0.0008199003124393483,0.03003178825178121,0.0631520438997424,5.400533983949165e-06,0.0046780996652418,0.009829381436528123
1.1439658851362306e-06,0.03005963536729461,0.06276910418848838,6.38362512150913e-05,0.005695899706020195,0.009827589352059107
3.4251993051303056e-06,0.029876376492246823,0.06276110967953145,4.882489973151921e-08,0.018841426839055906,0.011384636940400653
1.9083186609572212e-07,0.030048548807157273,0.06275618943863875,5.739027190199451e-06,0.005912747966450465,0.011320109649217733
6.880829597206046e-07,0.030055443854083402,0.06276419844807934,3.28708471300035e-05,0.005768269430816941,0.0103703105511859
7.518013791136602e-08,0.03004983531674373,0.06275232566628126,2.1129035885914556e-06,0.005892355797146668,0.011740778543265445
1.8595102099187903e-05,0.03008650159398636,0.06282145689655695,0.0003024296530132754,0.005318637341341979,0.007701104388966842
1.4366175771390505e-06,0.030087531947296617,0.06277919792402122,0.00013917273570408933,0.00559840326364318,0.009001077468765209
1.5208019087274817e-06,0.0300585699741108,0.06277065412054333,5.815085662205025e-05,0.005693400666722476,0.009824643360344592
2.3529600605416697e-06,0.03005128737965016,0.06277069355502436,2.663781815608005e-05,0.005781631743180926,0.01031006999019477
1.3940267122297967e-06,0.030048685631096986,0.06276538031555924,1.4688359059427192e-05,0.005861837552160359,0.010703568503998463
1.2152983951005838e-09,0.03005089316685183,0.06274529184190601,4.924744973226219e-06,0.005878245952966956,0.012562904968699077
2.0602845420624593e-09,0.030047543175592543,0.06275177001964566,5.396673352689288e-07,0.00596147157351346,0.011855388339111723
3.1729572796528523e-07,0.030084090633155654,0.0627691125722303,8.920361404400098e-05,0.005662927564964958,0.009736351342249273
8.578370473267478e-08,0.030048401051225873,0.06275389616980508,3.274959899885854e-06,0.005924228034220418,0.01154926953299873
1.7477598404988422e-05,0.0300117384228032,0.06276398639376612,1.3778883642545137e-07,0.007761020673744481,0.011291950869662493
3.823570261583354e-07,0.030045986783276676,0.0627533736112521,8.381608100285376e-07,0.0060000795549394114,0.011683228071882702
3.7219889694262043e-06,0.030097950623520796,0.06280349768051083,0.0007526736429818609,0.005492806082648541,0.0069568918203519545
1.725249251001686e-05,0.03001315169931289,0.06276311886679875,1.876769265894754e-07,0.007672957363602631,0.01131162799685258
2.8698994733429096e-05,0.029716303445647064,0.06278049404922457,5.403967026003297e-09,0.03433429339987776,0.011051215964131477
9.197217012525163e-06,0.030040501572182205,0.06276527429121198,9.27200133361244e-07,0.006075532755734379,0.011211191396853346
1.5584659089764606e-06,0.030057616890947443,0.06276995541134311,4.7151028171245e-05,0.005705009616412848,0.009982444680680349
6.843235248388745e-06,0.029981669433953917,0.06275655134816242,9.698297792822571e-08,0.010303314974005369,0.011566257901834336
7.100787018868267e-07,0.030046941436288395,0.06275862184683782,4.688069862770268e-06,0.005939186572933586,0.011242622896329631
2.525025676837079e-06,0.03006342961437662,0.06277678800586081,0.00010548258469907226,0.005623801285160837,0.009225466074952135
0.221643539674114,0.027067088516514386,0.06404785246359597,4.543677101269305e-08,0.034419739298629216,0.00958238693107765
5.229501050100895e-07,0.030043822063403093,0.06275377414687999,2.0175267958699875e-07,0.006134088021726896,0.011699420342872706
6.692737801989788e-06,0.03006055029855515,0.06278807495369904,8.795723852050012e-05,0.005579343152489436,0.009148759728548922
2.724481131402442e-08,0.030047543241281945,0.06275300658979005,1.0884558736067964e-06,0.0059589906990615,0.011703865351427973
3.4397005357975076e-07,0.0300846374525705,0.06277078698804772,8.901539080638e-05,0.005659488620677168,0.00961881306205226
2.370509569429612e-06,0.030078871391110526,0.06277924947620148,0.0001362670153448588,0.005578734512752837,0.009006448275809006
1.4713670166229311e-06,0.030048796874134975,0.06276640154575114,1.5013496622864096e-05,0.005856596297608476,0.010666864060428001
5.437221001586988e-07,0.0300500277005459,0.0627623306640763,2.1156206837339494e-05,0.005862092988749916,0.010643838757335928
3.453146380549858e-06,0.02987683106395745,0.06275369201991068,1.1873726799931645e-08,0.018802349146410446,0.011719037657200431
2.874598433387377e-06,0.03006393501114904,0.06277754731605052,0.00010928124296384304,0.005609534489653064,0.009175971460151552
5.118887950230312e-06,0.03004579156429063,0.06278593704840339,1.0326390046361853e-05,0.005899128022120325,0.010521128416273978
2.0401587645406548e-10,0.03004793315523354,0.0627453786981213,2.778249730039087e-06,0.005946188738782897,0.012614397720104519
2.6962568157432352e-08,0.030048353677475267,0.06275284447070417,2.5484157339569925e-06,0.005931390053961906,0.011673298129255966
1.2326196705095677e-06,0.030058822105297006,0.06276789306987973,5.184734015570265e-05,0.0057000405655340735,0.009989144838895915
4.072523332585267e-06,0.03005713380311758,0.06278607617256841,7.23857344911842e-05,0.005662703385302945,0.009346845863633605
4.842521464493298e-06,0.03005813911277807,0.06279097279924208,7.022915725951145e-05,0.005635931146733637,0.009300523826103767
8.954370816279818e-06,0.030042354578513262,0.06279022950549391,6.439703121839018e-06,0.005978743383452867,0.010610488457432496
2.5373051668308464e-07,0.030048673957198867,0.06275935746120619,1.0222649853522919e-05,0.005905935750965291,0.011039485880594268
9.758996620000521e-06,0.030042184406735888,0.06280576382706589,5.194329243362445e-06,0.005978492365768315,0.010520920370597465
2.3881749795301023e-06,0.03004839223928832,0.06277587226740008,1.733263770065447e-05,0.005852705292005286,0.010427745947323533
7.699191357084583e-07,0.030047245129271417,0.06276000721876408,5.704483168891771e-06,0.005925721039420448,0.011151222778589369
2.336536029008487e-07,0.030049126871574367,0.06275866329158762,1.0992100827626934e-05,0.005895780722605258,0.011057741733400161
7.241940393177453e-07,0.030045948972979995,0.06275948648269407,1.4375825055144198e-06,0.005986058667921229,0.011362895994950504
1.7660020257827873e-05,0.03003201612010718,0.06276437562119662,2.4240670308678775e-07,0.0064020100351852875,0.011274769032083621
1.1966885137298563e-09,0.030057571842341594,0.060345785332807274,0.002584493266852128,0.005785479570552843,0.27593785238892365
8.801735531789715e-07,0.03005554069256468,0.06276466884833858,3.424958865276094e-05,0.005757528806390282,0.010327780954015623
0.00026823163977565695,0.030066237599232767,0.06298968000631375,9.473437096034423e-05,0.003938643599983618,0.008281872839557097
1.7961251714516906e-07,0.030048403856829217,0.06275590278516426,5.323440115335713e-06,0.005917654253793652,0.011348681316631309
1.0849333178349963e-05,0.030272882572261014,0.06283103434516937,0.001768501829002157,0.0052786708654521414,0.0044874667639579775
2.0984928863205622e-07,0.030048518387317338,0.06275628363173939,5.7980555284515635e-06,0.005912542647906851,0.011313085474589823
1.1362177877217952e-09,0.030044934008068094,0.06275185940457294,6.47005071517662e-08,0.006095677818094853,0.011870318564763917
3.780662542065932e-07,0.030045897529955512,0.0627532408197098,6.626116129018898e-07,0.006004926616454863,0.011701826491498013
0.0003538084526501119,0.029792013324027474,0.0627913565284367,5.891103452804156e-09,0.02255874559499768,0.01094617656380617
3.7710340962455866e-06,0.03007178988738668,0.06279568313729135,0.000182064280065355,0.005551451214274237,0.008391069903143023
0.0008051150092083269,0.02981661212927796,0.06283720798138646,3.267873951134348e-08,0.01680818467073153,0.010675618843029921
1.2325262499406232e-06,0.030053598961484036,0.06276642990500778,3.5853677236210176e-05,0.005771980431095664,0.010241677409445246
1.4405626176099358e-09,0.029725007676955205,0.06275319362646846,2.439311419096605e-09,0.03370535998841318,0.011750400121585297
0.0008048787989216373,0.029816629776258614,0.06282592040145862,8.797362541143948e-07,0.016808061897660057,0.010649724701404089
6.230856680937172e-07,0.030043885789636692,0.06275788718897088,4.5229973061622835e-07,0.0061252529294439605,0.011480474603186347
0.00015081914857909795,0.030060623893278144,0.0628356822422185,1.3124367650830351e-05,0.004494889278202578,0.010068225708600496
0.00014488215026905703,0.030059636456523105,0.06285387938670405,9.30285696822458e-06,0.004559817837929065,0.010131115360763101
2.1269491508348227e-06,0.030051255132694757,0.06276818419441141,2.8907674676283533e-05,0.005787572228432415,0.010316871471235334
1.5263682911586276e-06,0.03004890040893762,0.06276911195499121,1.5415350792988926e-05,0.0058523791538866035,0.010592073537830987
3.425480816816251e-06,0.02987637614750966,0.06276132109539778,6.623991977610463e-08,0.018841447807834973,0.011375692119737959
7.607587652667957e-06,0.030065103498455616,0.06279983302916754,0.00017552604980262872,0.005536851772504182,0.00837112223423454
3.4466611298356305e-06,0.029876573866432016,0.0627658241745412,2.0653182647246487e-08,0.01882407376544027,0.011258002846230351
3.220216725042956e-05,0.030029649608723032,0.06281443806084487,2.5851835827264237e-06,0.006335684669442912,0.010597183118572707
7.274014376721126e-07,0.030046944545980028,0.06276044637328661,4.7359782524449595e-06,0.005938384702750774,0.011172126552570364
1.7668729255651418e-05,0.03003205744215653,0.06276578512949639,3.984193214054055e-07,0.006399181833897875,0.011231814019017607
5.361151625176452e-09,0.030047765020118623,0.06275259528235888,1.3912633835261165e-06,0.005951904441819048,0.011730431162947329
3.260776656170967e-06,0.03004471581992831,0.06276334853652721,6.736595008454073e-07,0.005980951163897613,0.011275315326927894
1.6370376373713348e-05,0.0300463027895385,0.06280881375291268,1.1137221250342896e-05,0.0057767603891654236,0.010276781859320634
1.728291549760811e-07,0.02987936496326152,0.0627517612761832,2.2902692987047475e-08,0.01894559960470685,0.011883568935369139
1.1413884998467638e-05,0.030052110449137633,0.06279915399538025,3.4920865983507875e-05,0.005670249271169409,0.009806260497831868
1.1060989587274412e-05,0.030074175096020356,0.06280337739535652,0.00019205391320950752,0.005446605076558403,0.008233190072465897
7.555864951167162e-05,0.0300496127015278,0.06284876161233088,9.639512456295886e-06,0.005262823097679496,0.01013895711688939
8.826354667140613e-07,0.03005174094794424,0.06276283273845897,2.4060396847023674e-05,0.0058152185884584665,0.010566275990516804
6.909717071275253e-07,0.03004516058808915,0.06275802371759001,5.37069547702765e-07,0.00603725213269984,0.011468982485019274
2.731001830288262e-10,0.03004754651448823,0.06273976607028889,1.7292444332520435e-08,0.00596154827273188,0.013475806754550023
1.052022096460514e-08,0.030047551481640733,0.06275252212268138,1.281032284277789e-06,0.005960217120607171,0.01174200641846272
6.8213189648896616e-06,0.030042594436481225,0.06276529301320138,1.0694425943356156e-06,0.0060130945182350045,0.011202558956632356
1.0544264069404885e-05,0.03004165346551246,0.06280503654736382,5.000531359209704e-06,0.005993684271837559,0.010535266583368143
6.1549474313121765e-06,0.03010079194054454,0.06282850105408812,0.0015890968544761282,0.005447827787554448,0.004727755021678388
3.143246230602335e-05,0.030029548033489506,0.06277525242425676,9.42054093159023e-07,0.006347745743453443,0.011036880959844354
2.1673012264289e-07,0.03005345969264982,0.06276028076778314,1.867496276856936e-05,0.005820768414761272,0.010805948183248423
9.956809598684996e-07,0.030047713389262955,0.06276220674948978,7.858470240352859e-06,0.005902062397744014,0.011003091795670735
1.012523857656719e-06,0.03004782592608104,0.06276208064155402,1.133321095839829e-05,0.0058978984098876416,0.010901246007612383
1.001800321530224e-06,0.030066653706969964,0.06277637846730649,0.00011088870066301268,0.005673900001220327,0.009214940690019578
1.077895154234785e-06,0.030059606007476234,0.06276855253549303,5.920188248868201e-05,0.005699129797187023,0.009890680131650158
0.0002910319498633058,0.030065933731497067,0.06297960438664843,1.96291478909806e-05,0.0038669489095310896,0.009522336771349097
6.837934440960111e-06,0.029981591732835645,0.06275399048919073,2.8596427089645283e-08,0.010309466277948879,0.011700205966791435
9.153012486225554e-08,0.02986380013827012,0.06275292791653077,1.6570656435575992e-08,0.020175289198939312,0.011768440951266593
1.7932771563739057e-05,0.0300318568117688,0.06276824549056473,4.143816477791982e-07,0.006405980627116772,0.01118187587598458
2.6997607431026016e-07,0.030045523822297505,0.06275313693353529,4.061329319198086e-07,0.006035150102482969,0.011723689592971043
1.2995841643924142e-06,0.030049146158844034,0.0627641279625637,1.778038970010154e-05,0.005852175479744895,0.010660605099850534
4.385881269470929e-08,0.030054366993016595,0.06275797929826801,1.3171414854105126e-05,0.005820506183444982,0.011054790727310292
0.00013980568316279934,0.03006285371305357,0.06284794490314402,0.00012662219977061995,0.004545775678522009,0.008418715294193304
7.402925469600771e-07,0.030047515147754812,0.06275897565879245,6.908882435794584e-06,0.005917608335448808,0.011149586957785729
3.431862543085816e-06,0.02987644028729301,0.06276368952277717,1.4246300554092148e-08,0.01883579176601504,0.011309612330255684
0.00021562952726478552,0.029762596891773754,0.06278148198219728,4.7816225124145895e-09,0.02726268414277712,0.011040269805463255
1.658729391291079e-07,0.03006065602384282,0.06276689736336337,4.8782920826361174e-05,0.005751823560624638,0.010069494101444702
2.6215039021283303e-06,0.030051852210378923,0.06277173077161569,3.665208368137432e-05,0.005765444043205429,0.010097948815989393
2.0779156069730387e-09,0.030061228532397965,0.06275199734785822,7.0247957294511655e-06,0.005762179298296841,0.01173217109471914
8.273485800622352e-06,0.030042561369455767,0.06276617713418897,1.1719256666582436e-06,0.005979250130937985,0.011176548721852898
9.882425263968167e-06,0.030040278983820414,0.06276556058963781,8.35391253685674e-07,0.006071544184677272,0.01120966673038207
7.121776543731803e-05,0.030048725204029438,0.06280854741271946,9.178119303864105e-06,0.005319956053000352,0.010348277820794425
1.0032163459518038e-06,0.030048126767287558,0.0627615084488046,1.219595363373288e-05,0.005889621123245244,0.01089525205382521
4.8197569884295305e-09,0.0300479684243715,0.0627525032294264,1.4909724020458135e-06,0.005944388557098283,0.011736033995262634
1.0637667137277812e-09,0.029724981808653718,0.06275337515149793,7.028353181459005e-10,0.033708270267658956,0.011739062814278759
8.600699674793996e-06,0.03004249143714571,0.06278290428604225,5.127662469042735e-06,0.005976935889932684,0.010744947499262938
3.5803963343946078e-06,0.03005105419845699,0.0627784098556048,1.8455872859753353e-05,0.005770490083625178,0.010364765032183386
5.256225463205037e-06,0.03020682007560045,0.06283041974241467,0.001772395015630091,0.005388575782915982,0.004491901103876545
0.0002909859588083262,0.030065882965232896,0.06299411392319713,1.4153682143475549e-05,0.003868323266668722,0.009655168544789006
2.03173414138058e-09,0.030045221350647102,0.0627514984751834,3.5746690299444444e-07,0.006080312492414645,0.011897874452006468
2.393523093596653e-06,0.03004810820611838,0.06277642130763751,1.6521230123847448e-05,0.005860605481959335,0.010442175600624172
1.2570345498596032e-06,0.030047979611391645,0.06276504973331734,1.1959495476270186e-05,0.005885798276427671,0.010791071623644365
6.339735988772702e-07,0.03004691068156261,0.06275667013082667,4.11083511606804e-06,0.0059437181641721695,0.011347867751564027
1.110326825429057e-06,0.030050163745198682,0.06276279538529776,2.1428245013495365e-05,0.005836450617923922,0.01062061969686404
3.0496382024828273e-06,0.030045014904646946,0.06276404519420951,1.1002575666615892e-06,0.005969794905444102,0.01123243388776044
7.751545705056367e-07,0.030047216722839047,0.0627603926362399,5.58456621425256e-06,0.0059265409314476596,0.011141391414913002
1.8587621780562905e-06,0.030052098344379292,0.0627678999062382,3.282637621052965e-05,0.005779273004543473,0.010251525487455693
3.148300537596968e-05,0.030029786362865695,0.06280319143987068,3.6074596556044716e-06,0.0063333364364539495,0.010621638594493981
7.338872086526199e-07,0.030045992810339206,0.0627593029759297,1.8708082376871566e-06,0.005983430783647636,0.01134772231926412
2.020836079475948e-05,0.03005757373723773,0.06280057399530331,6.0451983224751394e-05,0.005494349977763735,0.00935984044440661
3.232392017753922e-09,0.03004806225434158,0.06275247030331241,1.5446504525296296e-06,0.005941457086535791,0.01173768198918028
6.8490378506128206e-06,0.02998170141389984,0.06275709037630915,9.80705863033976e-08,0.010300638885402388,0.01154145673820143
0.0002989406039770422,0.030066632221934904,0.06300160902461929,9.022743128848823e-05,0.003837091995836973,0.008316247699810672
1.3520037859134954e-06,0.030058710464719553,0.06276962289729507,5.489582052457224e-05,0.005697001688143183,0.009894115501827734
1.4089521127851203e-10,0.030047830627919776,0.06274140059898593,5.957456047931744e-07,0.005949950507518529,0.013231468941762007
0.000873910266440066,0.029896557620011907,0.06298085042903043,4.888567049397091e-06,0.012145679317864328,0.01008816787955575
0.0007064642310911052,0.028349152514707765,0.0627658315780436,9.129609905793331e-10,0.21004542072993543,0.01125982037792858
4.77945300810324e-08,0.030045351848881106,0.06275176235279985,3.30084913591413e-07,0.0060679541287052,0.011866856520635209
1.3703816082313263e-07,0.029870736864660397,0.06275174626775373,1.866558778629301e-08,0.019625439535212657,0.011885459039780976
3.063350963925256e-05,0.03002980892452685,0.06277675894751782,1.2841643390394038e-06,0.006343116295713257,0.010995435773925625
2.2037605720543664e-09,0.03009111306148865,0.06112143737175355,0.04220995324233464,0.005679694813225071,0.1028505602247189
8.843323894212731e-05,0.0301000790076731,0.06296483058769352,0.0013738186025166713,0.004806201160345778,0.004252359022752099
6.8454266695186965e-06,0.029981736273328462,0.06275758330003514,1.358008458482525e-07,0.010298216353055825,0.011516939762498502
9.808313498547719e-06,0.030042842038495648,0.0628068016888765,8.52502360880054e-06,0.005952938240915038,0.010385103822439854
2.758201506552059e-06,0.030051809605320584,0.06277333745555672,3.630781010382234e-05,0.005763636287361545,0.010074127994156726
5.333301358735388e-06,0.030044218909735295,0.06276919904868412,2.932617477651384e-06,0.0059577946733096665,0.011033450799233646
8.9449614762849e-06,0.030042191268032425,0.06278363891762642,4.2966531321105316e-06,0.005985801710225317,0.010771981472439844
0.00013148340760785106,0.029804568185907442,0.06278030331663338,9.725924527215306e-08,0.023684309091411188,0.01104375746128659
3.967470781506409e-09,0.03004692704569275,0.06275174412479888,4.696060830496511e-07,0.005991960852540746,0.011861804639777299
1.8173295708566826e-07,0.030049178878986373,0.06275783936222629,9.904216352943765e-06,0.0058973873340398995,0.011127402179637971
1.797550254802851e-05,0.030032286144262496,0.06276693240559834,8.026650751940721e-07,0.006378598465128676,0.011181950556635702
3.4475938572340965e-06,0.02987668548077769,0.06276051466446408,5.539178953780404e-08,0.018814574716888556,0.011405783618876543
1.622050929495381e-05,0.030046229712819193,0.06280932932890608,1.0789344211451481e-05,0.0057805182156110795,0.010283714982669013
1.7775361961792714e-07,0.03004794274828813,0.06275486824312822,4.1250666449575405e-06,0.005932939630125582,0.011452956416404066
4.660039508467245e-09,0.030047669446825964,0.06275270608470467,1.332029878419664e-06,0.005955775617441555,0.011722164082213653
3.9204362946880875e-09,0.03005564858638833,0.06275457238646621,4.5180950275426735e-06,0.005805600523770005,0.011467867887394248
2.0972820630421786e-07,0.030048352530118227,0.06275621041450306,5.4616614288428825e-06,0.005917514413567956,0.011327122712342408
1.2499110230858686e-06,0.030049046639657247,0.06276391246718338,1.710704197385279e-05,0.005856347265095882,0.01068473715722109
3.662438614941664e-07,0.0300479936458585,0.06275680317830423,5.367501186534566e-06,0.00592082974712082,0.011297297837636243
8.55908343341435e-07,0.030089281746323294,0.06277914737464926,0.00013900023629436745,0.00562141813801477,0.009003928195219413
1.7480744621588956e-05,0.030011643500770596,0.06276652461092944,6.18303688364585e-08,0.007767599736154552,0.011239189837597568
5.944873602394003e-07,0.03004585947093841,0.06275732235973981,9.91697096462796e-07,0.005996137158049247,0.011473621438316884
1.557755102186608e-05,0.029702361965449276,0.06275622190772832,8.624028285687144e-10,0.036243192729952474,0.011589868541808752
2.2815162854074228e-05,0.029754128032123333,0.06276635228879641,3.988496388904631e-09,0.030349726646182046,0.011247613329341927
9.092830461148203e-10,0.030055348824854354,0.01039695122425216,0.04931165114843879,0.005810212982537505,5.829519579224348
3.835760701275922e-06,0.030046181766830257,0.06277419730984198,7.678834117665505e-06,0.005903699807460615,0.01076780661404349
1.5586356410939235e-06,0.030054481942071134,0.06276959471378346,4.020409806818541e-05,0.005749616425536931,0.010088204354341832
5.097533432291996e-07,0.030051293776628168,0.06276243455581201,2.2449994904949947e-05,0.0058394702225609395,0.010613639903055482
1.0040563214439058e-05,0.03003963799466098,0.06276479818261671,4.5045736698691906e-07,0.006107154483197682,0.011251297195968402
2.3432247149265333e-06,0.030700242904337625,0.06264599752467073,0.0811894135778146,0.005431886205155487,-0.009123829345681558
0.000808842747622907,0.029816925526786227,0.06301418856746568,4.7106467423090686e-06,0.016781611283815858,0.01004085294346223
8.202686547834523e-05,0.030067107708863172,0.06281941776990126,0.00017589326709666438,0.004927768822181161,0.008211635864291056
6.343765897771858e-07,0.030045919453268885,0.06275739865877351,1.8600675907664606e-06,0.005991306521540016,0.011423043344782544
1.254393550835505e-06,0.030058399622044072,0.06276626694806543,4.2317328471703154e-05,0.005704204750340774,0.010158851126042062
0.0006262786179769206,0.030300795895134642,0.06642535044875766,0.0030086869945236214,0.002546607309817025,-0.007028562206913976
1.3448355842319396e-06,0.03004944465566227,0.06276558919322414,2.113174215140265e-05,0.0058438433169434026,0.010538927322998501
1.975147052979415e-06,0.030046623622703744,0.0627657377487843,5.136091308496866e-06,0.0059189216486659245,0.011008021690798004
3.056690300550957e-07,0.030052418072782163,0.06276249855192864,2.3764695907009886e-05,0.005831315464002527,0.010587884036387487
0.00028996782798166584,0.03006585283965825,0.06297303508698897,1.716684944951808e-05,0.003871781055663348,0.009591302176077506
6.440540335728643e-07,0.03004265012964891,0.06275646415737636,2.9848014933824934e-07,0.0062092078788459045,0.011555221600862708
1.4679964822108382e-07,0.03004914657807976,0.06275522356838452,5.049093259303163e-06,0.005900298237615902,0.011401320240256895
1.701800228168137e-05,0.030055816617139186,0.06280210012461945,5.8043436341161086e-05,0.005553581548693184,0.009383778348385172
3.7363859261812438e-06,0.030046574618469008,0.0627807501341022,1.3032101808534725e-05,0.005890999310089734,0.010497396982815542
6.870872313985417e-06,0.029981720497959646,0.06276185132254535,1.4410135319569096e-07,0.01029839919428873,0.011350916266851238
1.480892398881886e-06,0.030048942253921015,0.06276647872762707,1.5917243841283398e-05,0.005852335718524553,0.010640142541820918
2.3516870040276983e-07,0.03004905654509219,0.06275807206953085,1.0195712768090675e-05,0.0058973738456392045,0.011107833988777556
5.084268567284623e-06,0.03004579111210975,0.06278577085446474,9.954196206351345e-06,0.0058995836343772425,0.010535585382402624
4.68370616644075e-07,0.03004569293484686,0.06275662331612854,6.614088686417184e-07,0.006012206197704509,0.011523806432966816
1.9551774278710594e-09,0.03004494528035602,0.06275195659499282,8.85046436904279e-08,0.006094838465267303,0.011858765536765226
8.745235005165515e-06,0.030046031254447884,0.06279738556857217,1.52816041840994e-05,0.005854854766836862,0.010256179793205214
4.147924465759509e-07,0.030045652979364665,0.06275456124064435,4.6114707171644867e-07,0.00601717800729705,0.011640820903332665
7.74463292613642e-07,0.030048932885788904,0.06276119941495482,1.4482248052346295e-05,0.005877908018582762,0.010847611340198852
0.0003926222564862722,0.030482015839484792,0.06576848662764237,0.004241596889201811,0.003302267402070128,-0.0075998448077677925
2.831324018907781e-07,0.030050246379554363,0.06276188231300707,2.145879193771991e-05,0.00587007940184791,0.010660282484843686
3.4227030028514764e-06,0.029876345444163094,0.06275967039317452,5.247269197137012e-08,0.018844221598799633,0.011438740619767223
1.6760173777834695e-09,0.029724985541650917,0.06275661144285552,2.536444060893103e-09,0.03370772199691351,0.011571452677424914
1.0620042621176072e-08,0.030074103005025655,0.06276875200706022,8.918028979651424e-05,0.00571660136333298,0.00976423090745056
1.1872603155775253e-06,0.03004804777990718,0.06276426726662634,1.2833135993418809e-05,0.005885780112626093,0.010788273741374955
3.0272798244407022e-06,0.030046156411113783,0.06276840749111495,3.8100096986781267e-06,0.005917680594013269,0.01101084859954999
1.0678850257700438e-05,0.0300744266865815,0.06280291487153378,0.00019400746334981384,0.005449927220870021,0.008228605244309585
6.992466646062965e-07,0.030046869744195397,0.06275842024928766,3.826930283191203e-06,0.005942681569044304,0.011287797758187605
2.1832743059672726e-07,0.03012011883225454,0.06254432349418407,0.00619781842193639,0.0056481419626208665,0.022077965271603963
3.1801698326034876e-07,0.030049732010199164,0.06276143492617592,2.024033142016447e-05,0.005878453307726656,0.01070776179280848
3.6408495555960533e-07,0.030045560353000808,0.06275355381134982,4.3857579511105507e-07,0.006026036940370575,0.01169614275320149
0.00411699880415256,0.029965324089159247,0.06318106196805975,5.557327177831108e-06,0.0033057764635935957,0.00979317930666518
0.0008050767075522099,0.02981660502258844,0.062837037388619,9.280604023664231e-09,0.016809157401518407,0.010678797547277243
2.189615895422401e-06,0.030047467514550646,0.0627700240882992,1.2629153456120336e-05,0.005884464586916758,0.010660078038942674
6.388046340772996e-07,0.030051465070993467,0.06276268229476807,2.354238885408692e-05,0.005830474379195308,0.010581939711974336
1.6195770983134858e-05,0.03001357419496045,0.06276122121933173,2.745546412760452e-07,0.0076784146065194715,0.011362859757741905
3.4818080037785095e-09,0.02972502901442024,0.06275857851499078,5.5003096669693694e-09,0.03370310840965097,0.011488151341633876
2.4693399663987997e-07,0.03004999531518034,0.06276092131029372,1.9318161706982447e-05,0.005876870500377613,0.010753500343291285
2.3422317275358113e-09,0.030048108586858326,0.06275228974444544,1.5728186742497436e-06,0.0059401377986887,0.011757148801893545
3.798666934514984e-06,0.029882382965162754,0.06275284926860376,2.6539850995876012e-08,0.018334949382708764,0.011773762193777472
0.00019569135148347523,0.030063699001470826,0.06285517497724279,1.8185104130174904e-05,0.004234261238461648,0.009863341298757216
1.8728481697626232e-05,0.030032573835244398,0.06277386403605749,1.2622881199099717e-06,0.006345436235865917,0.011037858434581648
1.199568348502168e-09,0.030045076586451218,0.06275034977840264,5.426222571317732e-09,0.006087908582577288,0.0120610240973561
8.985787678625302e-07,0.030047725910337775,0.06276106489506267,9.869842255699592e-06,0.0059049649773563195,0.01098145085587525
0.00015379979423324746,0.030061084550143002,0.062848502559246,2.0756401457578548e-05,0.004469905758238512,0.009829748515844557
0.00021144612896212926,0.029606573035291385,0.06283642236373056,4.693876121303345e-09,0.04770325761039986,0.010682710086623838
1.483587485776479e-06,0.030049319253078383,0.06276673982238365,1.9883992784963192e-05,0.005842800750985362,0.010535547869899079
6.49952441357128e-07,0.030050894723405656,0.06276256698913368,2.2671077347209706e-05,0.005840581806600872,0.01060334772930114
9.329199671421424e-06,0.030041651580082644,0.06277048814629041,1.7979821041848856e-06,0.0060059737830876845,0.011063792477637484
1.5197734362880607e-06,0.030052471736621456,0.06276765678069364,3.5491612253921894e-05,0.00578209672264703,0.010212297881398533
2.2166910650306034e-07,0.030051146958113027,0.06276134026824812,2.0462641976949483e-05,0.005857316183531184,0.010708306868708857
1.1134198415813364e-06,0.030059427562878063,0.0627676998372004,5.194716791066068e-05,0.005699084720788628,0.009995968804992407
6.279935056252723e-07,0.030046976319322096,0.06275646565317157,4.311401462644005e-06,0.005941524877645503,0.011350261649207214
1.4880313440931416e-06,0.03004641770000553,0.0627646262442803,4.888397987796394e-06,0.005939204939732278,0.011046964751331443
1.796758173141501e-05,0.030032019147822085,0.06276673586704556,6.858353060039399e-07,0.006395156772189069,0.011193279900672665
2.7426282387214658e-06,0.03005831754094913,0.06277630447436776,6.906697600011496e-05,0.005672035311706057,0.009567850973368387
3.304985072592584e-05,0.030033067883850528,0.0628390487389754,5.601276174194572e-06,0.006174534844571575,0.010347201431008996
1.3144340973930919e-06,0.0302472146769548,0.06235511978422154,0.012544176904230594,0.005532958008068369,0.03186749971386455
1.0379688493408748e-07,0.030056908818315936,0.0627631196042727,3.069916707519209e-05,0.005783668328052529,0.010458302622716482
7.958754984966363e-07,0.030044122647340677,0.06275974076294596,4.278748723896017e-07,0.006102303158881958,0.011406559876996555
1.0112611199692e-09,0.029863293689386717,0.06275295843309342,3.6400787509372698e-09,0.020226814587215668,0.011767258648268188
7.808896583949808e-06,0.030040610479476686,0.06276161674729468,2.548903233668966e-07,0.006104744073844042,0.011350954481041843
1.3009012602898312e-06,0.03004505423324866,0.06276066556094227,5.109363576809931e-07,0.0060210193630174675,0.011365758387633639
1.7538316447960819e-06,0.030048342033334084,0.0627698975315844,1.5189179099849143e-05,0.005864180413436546,0.010582147658464108
3.2319115383155626e-05,0.03002960916883672,0.0628140221813679,2.500263282300385e-06,0.006337101340069828,0.010604712769298958
8.449637031762459e-05,0.030471085886646765,0.06285331387859512,0.0017130051565819046,0.0044720419570146545,0.004405512700453258
0.004258508576345056,0.02996674370426071,0.06898214695545925,7.453681372341353e-05,0.003233093691448793,0.0064377927869322055
1.992581188899797e-05,0.03008139003020232,0.06280701043022244,0.00018638215745900107,0.005321059207634392,0.008235970919113836
1.2003604897753218e-07,0.030048154662118392,0.06275482653946123,4.2753496817337004e-06,0.005929367089268193,0.01145052611296358
5.2010276609650504e-08,0.030061117767210422,0.06276408282454597,4.1739086748058885e-05,0.005758259255651369,0.010323009973075717
3.978558572112071e-07,0.030046410238964337,0.06275418144958511,1.7345982538963658e-06,0.005978606202809244,0.011593764253542232
1.5649914029830685e-07,0.030048561050595723,0.0627557653170335,5.239806300096165e-06,0.005914413247483615,0.011359221870112004
2.7085804330313274e-07,0.03004931981256457,0.06276079710807433,1.7393446350605285e-05,0.005889481198971369,0.010801881464733112
3.1472819235016e-05,0.030029578642437157,0.06279389795325176,1.0738511920820548e-06,0.006345399132055702,0.010841655367149977
1.3870311255510122e-06,0.03004904786336145,0.06276549038417743,1.6701129292215312e-05,0.005852082867562777,0.010647019400887733
4.2070642439818495e-05,0.03001919124323024,0.062811708442404,2.0921412655185793e-06,0.006879978844898579,0.010644397929133064
7.157756827793384e-07,0.030046968790909866,0.06275881698579674,4.8785843472409515e-06,0.005937856800088284,0.011227083679528183
1.205039129103914e-07,0.03004838770469385,0.06275518123332274,4.773547474614393e-06,0.005921958642235123,0.011411308513131624
3.0954010960312028e-06,0.03005212673965169,0.06278230213402268,3.80839825173273e-05,0.005752168271396052,0.00990799846679397
3.875794520030139e-06,0.030072159636463626,0.06279684974800766,0.00018638784083218086,0.005547426570226019,0.008344897863829942
4.6912240934775615e-06,0.030058459437369713,0.06278590685745943,7.572082676901396e-05,0.005634027915640257,0.009305120030392708
5.349487576598436e-07,0.03005836098674285,0.0627645029247448,3.4299337694396546e-05,0.005741902882101662,0.010335932938669716
9.764564822499833e-06,0.029714451480900645,0.06277233884863626,4.218355858489889e-09,0.0347713766343628,0.011150166778166052
1.02015922177533e-05,0.03004059572585776,0.06277446086246245,1.6572726520675751e-06,0.006045548181901671,0.011006425675550737
6.316196966886793e-07,0.03004918296975205,0.06276204671814892,1.793631105619663e-05,0.005877564852930976,0.010727203315975644
4.624161066268408e-06,0.03004589464949797,0.06277469454318745,7.4590262210780365e-06,0.005902241806315105,0.010768186882195533
2.837494695293385e-06,0.03006591438250067,0.06277940476604259,0.0001246468419632503,0.005600796052123736,0.009038794290960583
2.2558236945715438e-07,0.030057537700081093,0.06276364382215896,3.1961563252406204e-05,0.005769092352833566,0.010412117939118722
6.828329475166742e-06,0.029981774734429003,0.06275521432306944,6.79015242278436e-08,0.010296138189130407,0.011633983483725767
6.69035620044999e-05,0.03072726592218461,0.0628315247557242,0.001880717817047931,0.004460985504131221,0.0044194919937696284
4.740977850692131e-08,0.03007754418409592,0.06276362838569884,4.1779288412077655e-05,0.005703019030319337,0.010366325843039757
0.0010169997335185187,0.029796111758951728,0.06354883120389104,4.247770667759184e-08,0.018396795835344603,0.009879816292697458
1.1801437753916515e-06,0.030059694156201907,0.06277124597449693,7.829438042034039e-05,0.005693981445839759,0.009624509181155639
